Retention Time (min),Van der Waals Radius (pm),HOMO Energy (eV),LUMO Energy (eV),Redox Potential (V),Molecular Weight (g/mol),Polarizability,pKa,Number of Benzene Rings
5.25,198.0,-6.82,1.09,0.45,139.2,7.44,9.7,1
7.56,209.0,-8.66,0.07,0.89,385.1,5.69,0.72,3
18.63,180.5,-9.42,-1.89,-0.84,348.4,0.77,12.47,3
14.38,116.6,-5.33,-2.78,1.89,123.9,2.85,11.78,1
1.6,160.8,-10.19,-0.84,1.44,167.2,8.47,1.2,1
4.13,160.8,-6.68,0.36,1.66,374.8,7.32,11.18,3
12.81,148.2,-5.45,1.14,-1.92,548.5,4.59,13.46,4
11.97,104.5,-7.01,1.26,0.28,407.3,4.1,6.89,4
5.52,210.6,-8.46,-2.84,-0.82,245.9,8.08,7.95,2
18.75,116.5,-9.81,-1.78,1.4,427.9,0.87,9.52,3
12.67,190.9,-8.8,-1.3,0.53,299.3,4.16,3.73,2
11.18,205.5,-6.76,-2.06,0.16,224.2,4.25,9.1,1
12.21,195.2,-7.1,1.01,-1.54,199.4,3.62,6.65,1
14.87,243.9,-5.43,0.84,0.16,214.2,2.08,5.68,1
6.93,115.5,-5.8,-0.42,0.53,174.4,6.19,12.64,1
8.57,230.1,-6.1,1.91,1.82,431.5,6.29,11.17,4
4.99,104.4,-5.53,-2.28,0.34,221.7,6.89,13.08,1
4.54,180.2,-9.34,1.5,1.87,185.6,8.22,11.71,1
18.94,160.6,-8.78,-2.42,1.85,421.8,0.24,0.59,4
15.05,178.6,-8.72,-2.18,0.6,220.9,2.01,8.49,1
10.32,154.8,-7.64,0.48,0.02,343.8,4.79,9.77,2
5.32,128.6,-6.99,-2.45,-0.14,352.6,7.84,9.31,3
5.83,102.9,-9.28,-0.17,1.56,344.7,6.73,3.81,3
2.1,177.7,-10.88,-0.9,-1.89,113.2,8.4,5.96,1
9.25,226.4,-8.6,0.64,-1.54,200.0,5.62,0.55,1
6.92,156.0,-9.15,1.5,-1.59,243.9,5.85,1.32,1
14.23,133.4,-5.35,0.85,1.03,421.3,3.13,7.85,4
8.18,112.1,-5.67,1.25,-0.64,373.3,5.8,8.15,3
4.41,112.8,-5.84,-2.84,0.55,215.6,7.81,2.82,2
1.47,133.2,-7.08,-1.45,0.42,406.1,8.4,6.27,4
2.28,115.0,-8.93,-0.42,-0.46,500.0,8.05,6.61,4
13.91,139.8,-7.71,-0.92,0.13,530.3,2.68,0.16,4
9.62,109.9,-6.11,-1.84,0.58,251.3,5.27,2.0,2
11.2,109.8,-10.41,-1.46,1.76,331.5,5.2,8.74,2
18.04,228.4,-6.19,1.73,0.3,318.4,0.9,13.9,3
19.82,124.3,-10.75,-1.53,0.46,236.5,0.74,9.11,2
5.12,184.0,-6.1,-1.23,-1.73,235.3,7.15,1.68,1
13.6,216.0,-6.15,-2.98,1.81,176.8,1.6,11.5,1
6.0,168.5,-10.69,1.23,0.11,391.6,7.04,6.04,3
1.39,123.0,-7.24,-2.23,1.21,206.7,9.28,1.17,2
15.41,129.9,-7.99,-1.98,-1.8,320.1,1.9,8.4,3
7.08,164.9,-9.98,-1.72,-0.32,309.3,6.14,3.19,3
8.29,179.2,-10.11,1.42,-0.97,335.8,6.21,5.83,2
12.18,152.4,-6.36,-1.97,-0.93,421.1,3.63,4.46,4
16.79,217.2,-7.59,0.99,1.17,327.6,1.4,9.0,2
12.95,212.7,-5.1,1.04,0.5,153.3,4.26,6.03,1
17.58,239.1,-5.11,1.64,-0.24,320.3,0.86,1.46,2
6.2,104.3,-5.04,-2.42,-1.96,455.4,7.47,3.02,4
16.16,234.4,-10.29,-1.91,1.86,240.9,1.62,7.01,2
4.53,158.9,-5.37,0.71,1.85,115.0,7.07,11.05,1
19.1,231.8,-9.53,-2.02,-1.13,142.8,0.78,0.14,1
14.06,203.6,-8.25,-1.57,-1.83,471.3,2.53,8.57,4
5.09,248.1,-6.46,-2.17,0.12,522.8,7.69,1.62,4
19.0,213.9,-9.78,-2.14,1.81,168.4,1.03,8.46,1
14.89,154.7,-7.6,-0.59,1.64,245.7,2.0,11.72,1
5.82,175.2,-9.89,-2.45,0.34,281.7,8.28,3.2,2
5.05,156.5,-10.37,-1.39,-0.79,304.7,7.21,6.94,3
10.85,154.7,-10.3,-0.87,-0.68,362.9,3.98,10.84,3
1.49,139.1,-8.85,-2.88,1.59,503.6,10.0,2.46,4
4.94,174.4,-10.97,-1.06,-0.03,435.9,7.87,2.14,4
9.07,202.3,-8.45,-2.53,-1.48,405.1,5.7,12.67,3
8.11,141.6,-7.01,-0.53,-1.01,176.1,5.93,9.73,1
9.81,178.7,-8.59,1.13,-0.89,404.8,5.16,10.31,4
6.27,117.6,-10.49,1.09,-1.51,316.4,6.68,11.82,2
12.15,124.0,-10.62,-2.6,-0.15,384.5,3.84,7.55,3
17.41,107.0,-9.33,0.01,1.66,213.3,1.43,6.84,2
3.23,245.6,-9.98,1.17,0.68,271.8,8.72,7.79,2
10.83,100.6,-5.21,-1.81,-1.71,143.8,4.21,10.04,1
3.51,126.8,-10.09,0.81,-1.98,532.1,8.37,5.47,4
14.62,191.9,-6.17,1.45,-0.9,443.5,2.69,1.33,4
8.53,112.2,-7.48,1.03,-0.55,541.3,6.11,1.9,4
11.74,232.3,-7.58,-2.46,1.11,182.4,4.21,13.63,1
4.48,207.9,-7.93,-2.95,1.87,249.2,7.37,0.72,2
3.75,245.0,-5.17,-2.04,-0.45,322.2,8.99,9.96,2
10.27,176.1,-8.82,-1.65,0.75,304.9,4.74,13.21,2
7.76,145.1,-6.27,0.08,1.98,262.7,6.72,1.81,2
18.87,182.4,-7.67,-1.08,0.98,494.8,0.83,10.11,4
15.54,239.6,-8.63,0.52,0.54,517.0,3.09,4.23,4
15.22,178.1,-5.27,-1.23,-1.69,327.9,2.57,3.32,2
18.17,140.1,-7.41,-2.23,-0.71,322.6,0.6,11.94,2
2.59,231.6,-10.29,-1.44,1.65,125.7,8.38,12.73,1
11.49,155.8,-8.49,1.42,-1.2,524.4,4.43,4.86,4
12.11,100.2,-6.31,1.79,1.37,409.7,2.99,8.86,4
19.28,137.2,-6.84,-1.96,0.79,230.8,0.72,2.46,2
6.55,147.7,-5.5,0.94,-0.53,493.8,5.56,11.06,4
5.58,228.8,-9.44,-1.63,0.12,418.1,6.59,12.34,4
2.91,168.8,-6.45,1.44,0.17,290.9,9.22,4.46,2
1.31,166.7,-8.24,-2.17,0.86,346.9,9.19,9.14,3
18.66,150.4,-7.56,0.33,0.07,365.0,0.57,12.27,3
13.73,232.1,-5.27,-2.58,-1.47,348.0,2.98,0.22,3
15.92,241.8,-5.12,1.87,1.09,411.5,2.47,11.98,4
6.35,248.8,-5.83,0.5,-0.37,175.6,7.48,8.01,1
12.14,156.5,-8.85,1.21,1.85,544.6,3.31,5.8,4
2.22,244.9,-5.67,-0.17,-0.87,292.2,9.01,7.32,2
10.23,218.8,-7.17,-0.62,-0.95,145.7,4.67,11.54,1
19.57,201.4,-8.42,0.11,-0.67,343.5,0.39,10.11,2
17.65,136.7,-10.79,-0.36,0.29,159.0,1.33,7.02,1
7.43,132.5,-6.38,-0.65,1.58,204.9,6.09,6.83,1
19.27,124.9,-7.99,0.8,-1.29,195.5,0.1,12.59,1
5.4,238.4,-6.28,-2.11,-0.88,243.0,6.79,3.25,1
19.04,144.1,-6.51,-2.14,0.33,437.3,0.1,1.34,3
18.89,168.0,-6.24,-0.84,-0.18,123.1,0.1,9.5,1
16.18,174.1,-9.2,-1.4,-0.21,113.8,2.55,9.83,1
12.98,216.7,-6.2,-2.63,1.28,321.6,2.99,7.96,2
17.61,226.6,-7.71,1.22,1.7,335.8,0.81,3.68,2
6.57,120.9,-8.16,0.86,-0.07,374.5,6.15,4.14,3
17.13,164.0,-6.95,-0.28,0.75,203.9,1.5,8.64,1
12.74,226.4,-10.87,1.9,1.2,211.4,3.67,3.82,2
1.25,222.7,-10.39,-2.64,0.07,133.8,8.95,6.99,1
7.6,115.4,-9.25,0.83,-0.82,123.3,6.32,4.65,1
3.81,123.5,-5.1,-1.67,0.55,490.6,9.19,7.15,4
19.65,145.6,-10.16,-1.16,0.34,130.4,0.53,3.21,1
10.09,111.3,-9.02,-1.9,1.61,209.9,5.42,2.77,2
10.45,163.7,-10.69,0.95,-1.79,446.0,4.51,10.28,4
13.15,116.1,-9.01,-2.28,1.64,501.9,3.61,5.4,4
8.0,185.2,-9.08,1.2,0.14,287.1,6.71,3.26,2
3.6,137.0,-5.32,0.31,-1.94,150.3,8.42,12.02,1
16.62,189.5,-5.93,-2.7,-0.62,225.2,1.29,5.62,1
4.61,117.6,-8.7,1.05,0.9,142.2,7.56,1.62,1
10.72,246.4,-10.85,0.14,-0.05,439.8,4.86,9.91,4
5.26,239.9,-6.01,1.52,1.92,284.4,7.81,3.92,2
2.86,158.8,-7.04,0.74,-0.31,472.3,7.81,7.91,4
17.38,136.3,-10.09,-0.19,-0.69,467.4,1.0,8.73,4
19.49,137.6,-5.02,1.18,1.29,124.2,0.11,13.48,1
19.26,172.5,-10.4,-1.61,0.19,376.2,0.63,2.68,3
18.22,106.0,-5.8,-0.27,0.73,139.6,1.39,3.98,1
15.71,196.0,-9.23,-1.53,1.22,359.4,1.64,13.05,3
7.33,161.2,-8.39,1.84,0.69,310.3,6.5,10.06,2
2.54,156.6,-6.23,-1.87,-0.31,540.6,9.19,6.29,4
8.74,221.4,-6.93,-2.92,-1.5,216.3,5.48,10.29,1
5.41,206.4,-5.37,-1.37,0.32,261.4,6.99,5.79,2
3.52,243.2,-7.27,-0.49,1.59,389.4,7.87,5.74,3
2.02,152.8,-10.41,-2.86,-0.32,512.2,9.3,2.19,4
14.79,234.6,-5.69,-0.2,1.64,462.7,3.2,7.31,4
1.22,215.5,-6.39,1.37,0.01,254.7,10.0,3.68,2
15.64,153.6,-6.73,0.52,0.48,221.2,2.67,8.87,2
3.79,193.2,-10.68,0.11,1.33,310.7,8.25,5.58,2
2.51,143.3,-8.62,1.78,0.26,225.9,8.27,11.95,1
2.7,231.2,-10.0,1.79,-1.64,448.2,8.28,10.8,4
13.77,116.9,-6.07,1.12,1.92,317.7,2.52,2.07,2
5.66,131.9,-6.8,0.04,-1.02,391.9,6.7,8.28,3
8.99,127.5,-5.7,-0.56,0.84,217.8,5.39,9.99,1
11.59,160.5,-5.2,-2.93,0.02,362.3,3.39,7.2,3
17.35,211.8,-6.35,0.03,-0.08,512.4,1.14,1.6,4
14.81,179.0,-5.03,1.95,-1.02,461.9,2.45,7.05,4
6.14,173.2,-7.31,1.09,0.89,314.2,7.8,6.06,3
3.5,100.1,-10.78,-1.3,-1.55,183.0,8.95,4.56,1
2.05,163.8,-10.91,-2.24,1.96,268.7,8.75,8.16,2
6.73,109.5,-8.95,0.92,1.38,238.7,7.69,4.55,2
5.98,131.2,-6.06,0.72,0.14,333.9,7.14,3.3,2
9.67,239.9,-5.8,1.84,-0.3,258.0,6.02,10.3,2
13.98,132.3,-5.24,1.37,-0.85,206.8,3.28,2.99,2
14.22,228.8,-10.61,-0.22,0.01,357.9,2.77,11.27,3
6.39,220.4,-10.73,-2.49,1.52,364.3,6.42,13.71,3
8.22,123.9,-5.52,-0.58,-0.9,229.4,5.64,6.18,1
4.44,190.9,-9.17,-1.43,0.0,520.1,7.45,11.37,4
15.98,117.3,-7.65,-0.44,-1.06,230.8,2.02,2.36,2
2.08,209.2,-5.11,-1.49,-0.65,526.0,8.24,11.16,4
14.24,195.6,-8.6,1.31,-1.24,237.9,2.55,13.47,2
15.8,221.8,-7.0,1.22,1.96,251.9,2.11,7.24,2
15.77,171.9,-8.59,-1.42,0.29,312.4,1.54,3.58,3
5.93,237.2,-6.39,-0.0,0.93,109.2,7.49,2.25,1
8.1,107.4,-7.83,-0.85,-1.61,302.4,5.89,12.83,2
12.16,143.9,-9.57,1.55,-0.54,538.6,3.88,4.54,4
6.18,207.3,-9.37,-2.06,1.57,174.5,6.93,6.96,1
8.05,162.7,-9.45,0.49,-1.66,426.8,5.93,6.07,3
4.74,125.9,-7.81,1.85,-1.34,319.3,7.99,6.09,2
9.74,116.1,-6.78,-2.12,0.5,400.0,4.64,10.71,3
1.85,222.6,-5.3,-1.99,0.49,346.8,9.2,13.09,2
16.2,171.0,-6.84,0.47,1.35,520.5,1.33,8.91,4
2.46,232.3,-6.31,0.9,1.74,142.0,8.64,13.4,1
10.86,210.0,-9.99,-0.55,-1.43,518.6,3.85,2.67,4
6.83,161.5,-8.76,0.05,-0.96,304.2,6.38,7.9,2
11.97,156.0,-8.52,-1.94,-0.29,260.5,4.39,9.6,2
19.23,177.3,-6.88,-0.62,-2.0,312.4,0.1,10.01,3
13.27,233.4,-9.22,-2.44,-1.72,132.9,4.28,10.58,1
1.67,210.6,-9.18,-1.39,-1.09,519.8,9.04,4.66,4
9.18,100.8,-8.86,-1.58,-0.08,138.0,5.04,12.35,1
10.69,204.1,-6.14,-0.78,-0.99,349.7,4.52,1.84,2
11.19,237.9,-7.53,1.65,1.51,504.4,4.54,3.9,4
13.95,206.6,-10.55,-2.09,-0.7,372.1,3.53,6.56,3
6.27,126.6,-10.53,-0.99,1.7,286.0,6.63,8.29,2
3.45,172.5,-8.77,0.08,1.9,392.0,9.02,4.13,3
8.46,121.0,-6.4,1.73,-0.2,545.4,5.92,12.71,4
19.17,153.8,-6.87,-2.33,-1.09,425.1,0.27,6.33,4
4.56,240.6,-6.75,1.59,-0.83,241.6,6.66,1.4,2
18.18,238.5,-6.4,-2.59,1.11,306.7,0.48,11.47,2
11.33,142.4,-9.28,-0.6,-0.91,336.7,4.25,13.52,3
9.68,150.9,-7.71,-0.73,-0.48,330.8,5.6,4.85,2
17.76,190.0,-7.74,-1.95,-0.09,152.6,0.1,7.77,1
9.71,244.5,-6.56,-1.26,0.3,127.9,5.0,8.16,1
14.76,122.2,-5.26,-0.73,1.98,308.1,2.9,11.22,3
8.58,138.5,-9.33,1.33,-1.07,389.7,6.2,2.13,3
18.18,231.0,-6.24,1.78,-0.59,324.0,0.18,11.78,2
14.11,173.8,-7.04,-0.41,-0.95,241.8,2.24,10.1,2
14.29,234.8,-7.52,1.35,-0.56,237.7,2.87,0.49,1
7.23,127.8,-6.35,0.04,-1.6,413.9,6.37,7.94,3
15.38,179.9,-5.34,-1.25,-0.56,310.1,1.73,0.39,3
13.09,148.9,-10.78,-2.03,1.55,186.3,3.8,6.95,1
5.56,147.5,-10.12,-0.93,-0.81,385.5,7.56,8.39,3
4.05,167.0,-6.46,-0.39,-0.51,231.2,7.94,8.89,2
16.13,165.0,-10.5,-2.78,1.78,350.8,2.07,12.98,3
19.22,153.6,-7.9,-2.27,0.91,369.3,0.62,4.16,3
9.7,237.2,-9.68,0.0,0.07,208.2,5.67,11.82,2
12.23,209.8,-9.35,-1.87,1.11,223.3,3.8,6.33,2
17.3,209.1,-6.79,1.19,-1.51,125.4,2.13,9.34,1
9.69,143.5,-10.82,-1.37,-0.14,157.5,5.01,11.31,1
19.09,186.7,-5.76,-2.48,-1.53,212.4,0.1,10.14,1
11.94,216.9,-8.33,-2.58,-1.07,524.9,3.32,11.14,4
16.59,219.3,-7.99,1.69,-1.43,425.3,1.87,8.9,4
18.27,151.7,-7.76,-2.41,-0.55,413.0,1.18,11.21,3
16.49,215.6,-7.13,-2.3,-0.47,300.9,1.85,12.73,2
4.03,210.4,-8.93,1.31,1.79,433.7,7.71,12.66,3
12.95,121.2,-10.39,-1.73,-0.94,345.3,3.88,4.59,2
8.57,229.9,-9.09,0.33,-0.11,219.5,5.14,13.61,2
2.19,166.2,-9.99,1.08,1.25,313.0,8.84,0.81,3
9.06,173.0,-7.66,0.04,1.26,420.2,5.16,8.63,3
5.91,167.3,-9.09,1.79,1.0,425.2,7.88,6.93,4
17.13,185.2,-5.25,0.54,-0.85,330.0,1.6,3.23,3
1.63,193.2,-5.21,-2.44,-0.02,332.4,9.85,7.49,2
19.22,174.7,-7.28,-0.21,-1.26,340.9,0.33,0.92,2
7.75,230.0,-7.3,0.59,-1.25,348.5,5.97,7.75,3
7.78,194.2,-5.09,1.01,-0.26,326.5,6.41,11.96,2
1.31,160.2,-5.68,-2.87,0.95,529.0,9.83,1.97,4
4.52,162.5,-6.41,0.59,0.11,291.2,8.46,4.55,2
8.62,221.6,-9.12,1.13,1.55,385.3,6.25,8.84,3
18.66,152.2,-8.81,0.73,1.32,286.8,1.49,5.03,2
2.89,131.7,-9.79,-0.44,-1.87,145.9,9.17,5.81,1
18.96,108.9,-8.08,-0.71,0.27,393.2,0.83,4.74,3
17.52,231.4,-5.06,-0.25,0.44,437.3,2.37,6.76,4
9.63,237.8,-5.53,0.52,1.85,127.5,4.85,5.22,1
7.21,118.0,-10.29,1.61,-1.91,162.5,7.06,2.02,1
5.42,150.2,-10.85,0.09,0.12,206.2,6.07,2.78,1
12.67,126.3,-5.61,1.44,-1.18,493.6,3.36,1.11,4
1.63,117.4,-7.78,0.51,-1.79,244.8,8.86,6.55,1
1.3,235.0,-9.8,-2.66,0.35,197.3,8.82,11.84,1
9.15,108.5,-6.96,-0.5,1.09,422.1,5.35,1.27,4
2.29,247.1,-7.13,-1.57,1.1,125.0,8.66,9.22,1
5.79,114.5,-10.27,-1.57,-1.88,314.9,6.7,5.88,3
5.2,229.5,-9.44,-1.22,-0.37,329.5,7.29,12.2,3
5.81,185.0,-10.64,-1.43,-1.82,290.1,6.74,5.09,2
3.49,155.2,-9.74,-0.11,-1.01,425.9,7.86,9.72,3
1.23,151.4,-10.21,0.42,-1.23,234.2,9.05,5.59,1
3.19,213.6,-9.84,-1.66,-1.14,360.6,7.8,7.59,3
12.75,147.2,-6.89,-2.35,-0.64,484.2,3.85,10.85,4
19.51,198.6,-10.7,-2.71,-0.89,521.6,0.1,13.55,4
19.82,177.6,-10.39,-0.12,1.85,447.5,0.1,1.89,4
8.77,172.7,-10.19,-2.07,-0.59,189.8,5.44,7.41,1
4.1,235.2,-9.1,-2.95,1.58,426.9,7.34,1.85,4
13.14,183.2,-9.21,1.64,-1.28,172.0,3.61,0.43,1
10.32,224.0,-9.47,-0.31,1.05,326.8,5.7,10.47,3
19.8,208.8,-6.5,-2.54,-1.75,469.9,0.1,13.77,4
2.24,105.8,-5.01,1.21,-0.15,160.1,8.57,8.34,1
15.88,216.0,-7.8,1.92,-1.98,165.6,2.61,1.01,1
6.48,132.5,-5.33,-0.76,1.24,137.3,6.64,0.86,1
5.59,235.5,-8.62,-2.79,1.8,121.3,7.18,4.4,1
13.59,106.4,-10.36,-2.41,-1.86,442.1,2.96,5.33,4
5.68,150.0,-8.55,-1.09,1.74,136.7,7.4,0.05,1
13.65,115.0,-9.22,1.43,1.1,410.4,2.58,11.8,3
10.83,171.3,-8.04,-2.26,-0.56,207.8,5.05,6.56,1
9.06,223.0,-7.06,1.12,1.64,388.1,5.92,13.94,3
11.54,144.7,-8.23,-2.93,-0.81,314.6,4.34,12.38,3
6.45,122.6,-5.39,-0.71,-0.36,385.4,7.22,7.01,3
14.42,149.5,-5.69,0.22,-1.61,412.8,2.53,8.78,4
8.88,222.1,-6.79,-2.7,0.63,303.7,5.49,4.4,3
7.85,121.1,-8.06,0.07,-1.88,353.5,6.38,4.25,3
16.74,134.1,-10.21,1.72,-0.06,136.8,1.49,1.82,1
18.57,110.3,-8.62,-2.2,0.73,389.6,1.06,7.64,3
1.87,205.9,-6.77,0.65,1.28,539.4,8.84,1.14,4
5.42,159.3,-9.29,0.05,-1.4,508.3,7.78,6.26,4
7.62,146.6,-10.38,-2.07,1.02,515.3,6.27,4.5,4
16.48,207.8,-5.55,-2.97,0.88,442.7,2.19,11.07,3
19.72,150.4,-6.75,-2.95,0.24,295.5,0.1,5.34,2
19.41,209.2,-7.31,-0.34,0.34,387.1,0.1,12.62,3
18.19,222.3,-6.25,1.71,-1.63,390.7,1.92,2.65,3
6.63,132.6,-5.99,0.22,0.4,330.0,6.85,13.03,2
19.85,246.1,-8.1,0.57,-0.47,358.8,0.1,8.31,3
5.74,124.4,-5.71,-0.53,1.47,219.5,7.4,1.68,1
3.01,143.6,-5.5,-0.09,-0.75,398.2,7.29,7.03,3
19.07,127.0,-9.37,-2.37,0.31,246.4,1.14,3.75,2
5.43,151.8,-7.35,1.38,-0.29,303.0,7.41,10.49,3
14.11,172.0,-7.84,0.8,1.51,132.3,2.23,9.12,1
2.11,178.3,-7.77,1.99,-0.98,405.3,9.08,0.88,3
14.88,228.0,-5.37,-1.51,-1.68,487.4,1.68,5.85,4
17.75,233.4,-9.17,-1.86,0.99,141.9,1.14,12.42,1
6.18,133.0,-5.1,-2.37,-0.35,465.7,6.9,5.71,4
8.2,193.4,-5.59,1.82,0.36,499.5,6.45,10.41,4
8.11,116.7,-8.25,0.9,-1.89,119.9,5.15,1.59,1
15.23,168.8,-6.1,-2.17,1.81,465.4,2.54,12.14,4
5.52,148.4,-6.39,-0.24,1.51,263.1,6.79,7.03,2
4.27,147.5,-6.93,-0.93,0.5,281.8,8.64,13.27,2
9.54,172.4,-9.08,-2.24,-1.93,178.8,4.46,7.52,1
6.78,209.5,-9.82,-2.19,-0.49,455.8,6.84,10.77,4
16.94,110.4,-6.97,1.82,1.92,414.6,1.35,13.61,3
5.52,231.9,-5.94,-1.48,0.73,211.0,6.93,10.21,2
10.55,210.2,-10.9,1.71,-1.36,206.3,5.09,8.08,2
18.91,126.5,-7.14,-2.62,-0.16,163.6,0.41,5.13,1
13.05,240.9,-8.34,-0.7,1.87,534.6,4.28,0.6,4
17.48,175.9,-5.61,-2.35,0.14,242.4,1.2,6.06,2
18.86,250.0,-9.07,-2.98,-1.9,326.7,1.19,5.77,3
15.26,129.6,-8.15,-0.23,0.48,539.3,2.57,11.52,4
14.29,180.2,-7.91,-2.43,-0.92,226.1,2.63,2.65,2
19.39,143.5,-10.16,0.61,-1.6,456.9,0.22,10.4,4
19.89,145.6,-6.72,0.49,-0.39,409.6,0.1,0.53,3
9.58,188.7,-6.02,-2.12,0.23,439.9,5.91,12.41,4
2.35,238.3,-10.65,1.71,-1.93,135.2,8.87,9.35,1
6.56,220.8,-9.25,0.61,0.24,160.3,6.22,5.91,1
3.89,208.6,-10.77,-1.51,0.04,518.3,8.3,3.72,4
8.93,183.9,-5.26,0.55,1.18,336.7,5.76,2.58,2
3.49,238.3,-7.0,0.66,-0.31,205.7,8.09,8.2,2
12.48,173.9,-5.21,-1.29,0.21,425.6,3.44,5.74,4
8.27,231.1,-7.81,-1.12,0.97,543.8,4.88,10.4,4
18.01,225.1,-6.19,-1.2,1.59,189.3,0.72,12.69,1
19.39,132.1,-8.75,0.08,-0.48,283.2,0.24,4.14,2
11.39,215.7,-8.88,1.5,0.41,322.2,4.48,9.1,2
6.22,101.8,-8.73,-2.13,0.78,306.9,7.81,5.92,3
12.25,148.4,-7.05,1.38,-1.83,203.1,3.28,0.6,2
18.04,134.4,-8.84,-2.86,1.2,245.2,1.45,8.62,1
8.73,176.0,-5.6,0.3,-0.49,524.5,5.0,5.09,4
11.49,210.5,-5.1,-0.93,0.68,212.4,4.06,0.19,1
6.16,114.7,-10.82,0.96,-0.11,124.2,7.83,6.61,1
9.65,177.2,-9.84,0.61,0.81,372.0,4.7,1.28,3
8.63,240.8,-10.33,-0.6,0.9,540.7,5.77,8.79,4
5.72,134.3,-10.75,0.22,-1.23,340.1,7.36,7.37,2
10.61,201.6,-9.63,-0.49,0.65,402.4,3.43,7.0,4
6.9,188.9,-8.32,1.06,1.41,413.1,6.93,13.12,3
8.09,101.5,-5.98,-0.62,-1.06,101.9,5.93,12.33,1
10.97,171.4,-9.67,-0.38,1.03,247.7,4.03,10.0,1
15.26,206.3,-8.04,-1.75,0.54,163.1,2.51,8.09,1
7.34,106.6,-5.42,0.03,1.82,246.1,5.76,3.53,1
18.56,231.9,-7.0,-1.49,-0.96,355.8,0.32,0.11,3
17.38,178.0,-6.21,-0.11,-1.38,444.7,0.52,1.67,4
1.93,104.6,-7.69,-2.15,-0.75,148.1,9.12,4.48,1
5.82,133.7,-5.12,-2.2,-0.97,409.9,7.02,2.75,3
9.48,243.1,-7.47,-0.91,1.03,230.8,5.52,7.98,2
2.99,187.3,-10.73,-0.87,0.93,329.7,8.81,7.49,2
7.62,116.1,-9.81,-1.66,0.68,489.0,6.23,5.46,4
15.06,143.1,-8.57,-2.34,-1.13,545.5,2.14,11.21,4
13.93,168.5,-7.39,-2.8,1.45,348.1,2.81,10.24,2
12.83,103.1,-6.37,-2.87,1.83,428.6,3.43,9.63,4
14.5,161.7,-8.52,-1.64,0.13,443.4,2.42,7.04,3
4.89,173.4,-6.74,-0.69,0.6,207.9,7.88,0.61,2
7.49,136.6,-6.26,0.63,0.0,205.2,7.97,5.99,2
13.85,188.3,-9.1,-0.63,-0.87,241.6,3.13,6.99,1
17.71,213.0,-5.12,1.52,-0.86,244.4,1.12,6.27,1
11.33,135.4,-7.1,-2.82,-0.75,422.9,3.59,0.06,4
6.37,193.1,-5.71,-2.1,-1.24,366.9,6.71,9.13,3
1.57,195.9,-7.66,-1.31,1.61,374.6,9.7,3.6,3
14.5,242.3,-6.55,-0.11,1.43,329.2,2.75,0.63,2
1.15,216.7,-6.38,1.26,-0.15,194.6,9.88,7.05,1
8.08,227.3,-5.55,-1.25,-0.53,216.4,5.09,12.89,1
11.08,173.6,-10.1,-1.66,1.76,273.3,4.17,0.41,2
18.52,127.8,-7.65,-2.69,-1.11,297.6,0.62,0.19,2
2.7,249.4,-8.43,1.11,0.21,310.6,8.39,8.23,2
8.71,119.4,-5.46,-1.1,-1.78,510.9,6.34,7.6,4
1.46,170.7,-10.37,-0.14,-1.24,301.3,9.56,0.22,3
7.51,110.2,-5.1,1.92,0.42,315.9,7.04,1.44,3
12.82,241.6,-5.75,-2.99,0.65,455.2,3.72,11.71,4
6.3,244.7,-10.56,-2.27,0.32,110.1,6.99,6.34,1
4.99,207.9,-8.05,0.9,1.48,158.1,6.93,1.74,1
3.2,152.5,-6.69,1.03,1.97,159.0,8.27,2.18,1
11.97,138.2,-6.57,0.85,1.06,538.1,4.2,8.56,4
14.21,139.8,-5.56,-0.32,-0.14,485.5,3.27,4.6,4
13.77,119.1,-6.2,1.89,1.34,406.2,2.71,0.36,3
19.03,178.9,-9.13,-1.02,-1.52,233.2,0.19,8.9,1
1.05,121.3,-8.01,0.01,0.73,166.9,9.84,0.45,1
13.3,147.5,-6.79,-2.68,0.07,101.3,3.92,1.54,1
12.41,194.0,-10.17,-0.95,-1.29,443.5,3.07,2.22,4
12.19,209.1,-9.84,0.61,1.89,422.3,4.73,2.01,3
19.29,103.6,-8.11,-1.81,-0.65,435.4,0.1,10.66,3
1.32,164.5,-9.21,1.72,0.46,253.4,10.0,1.31,2
14.23,197.8,-5.82,0.43,1.51,144.8,2.87,2.08,1
16.46,228.0,-7.48,-1.56,0.03,438.8,2.53,6.26,3
10.69,171.3,-8.91,0.84,-1.54,153.3,5.41,1.96,1
7.35,245.4,-5.91,-2.58,1.27,398.2,6.1,10.46,3
16.03,139.8,-6.17,1.87,-0.59,242.8,1.96,6.83,2
2.85,102.0,-5.01,-2.75,1.93,315.6,8.39,12.32,3
9.4,172.6,-5.92,1.67,1.54,475.7,5.22,0.53,4
10.88,138.4,-8.51,-1.74,1.41,438.6,5.14,11.97,3
14.19,223.6,-10.24,0.79,-0.57,493.2,2.8,2.15,4
2.73,134.9,-5.96,-3.0,1.03,132.1,9.47,12.96,1
5.33,146.6,-10.64,-1.73,1.95,502.7,7.8,4.56,4
8.8,218.7,-8.9,0.75,0.11,215.5,5.3,7.15,1
12.84,207.3,-5.48,-0.34,-0.12,148.8,3.19,0.33,1
17.85,183.7,-5.24,-2.43,-1.94,384.3,1.22,10.21,3
12.76,205.7,-7.16,-1.03,0.8,202.6,3.48,2.99,1
3.54,162.8,-6.87,-1.12,1.43,124.9,8.47,12.83,1
19.63,100.8,-10.75,-0.16,-1.01,544.7,0.1,9.27,4
17.56,101.7,-7.91,0.34,-0.74,268.2,0.56,3.97,2
10.55,176.7,-7.72,1.2,0.0,547.0,4.13,3.65,4
18.52,112.5,-8.96,-0.51,-1.71,429.2,1.23,2.39,4
11.29,107.7,-10.59,-1.04,-1.64,173.1,3.53,11.23,1
18.54,244.8,-9.63,-2.28,-0.32,125.7,1.27,6.14,1
16.77,228.9,-8.85,1.02,-0.96,402.5,1.25,3.88,4
19.4,122.8,-8.39,0.57,-0.38,336.4,0.17,13.34,3
18.48,100.1,-7.45,-0.96,-0.18,261.1,0.45,11.23,2
1.68,241.3,-6.67,-0.41,1.91,165.2,9.66,8.21,1
4.32,141.7,-9.09,0.33,1.78,233.1,8.66,11.23,1
8.39,127.9,-9.03,-2.18,-1.44,495.7,5.72,1.68,4
19.09,203.7,-10.88,-2.86,1.53,365.7,0.1,9.41,3
6.7,116.3,-10.75,-1.41,-1.68,248.2,7.15,4.54,1
4.05,139.7,-9.45,-0.02,0.03,192.5,7.25,9.63,1
17.84,246.3,-6.56,-0.57,-1.34,449.1,1.27,13.46,4
9.48,195.9,-7.23,0.46,-0.54,204.0,4.85,10.93,1
18.25,178.1,-6.38,1.1,0.97,274.9,0.1,7.92,2
4.04,159.7,-6.39,-0.56,-0.3,332.3,7.84,10.44,2
13.56,216.2,-5.86,-2.33,1.23,334.6,2.85,6.56,2
9.37,121.1,-6.68,1.25,0.88,455.7,5.61,3.92,4
2.45,245.1,-5.13,-0.13,1.77,484.8,8.76,0.57,4
14.23,229.2,-5.61,0.7,0.14,140.6,3.45,9.48,1
5.7,192.6,-7.48,0.52,1.21,394.4,6.64,2.0,3
1.75,106.4,-7.47,1.84,-0.71,448.9,9.15,6.43,3
2.14,205.1,-10.79,-1.52,-0.62,225.1,8.77,9.33,1
2.16,237.0,-5.01,0.53,-0.4,355.6,8.55,12.48,3
18.25,178.7,-10.21,-1.17,-0.36,415.2,1.83,8.53,4
15.06,153.1,-6.56,-1.02,-1.59,445.0,2.55,3.05,3
18.06,118.0,-6.07,-1.85,0.08,359.0,1.61,6.64,3
13.78,213.2,-8.76,-1.28,-1.61,244.7,3.11,9.35,2
11.05,232.8,-9.82,1.74,1.56,348.1,4.32,2.73,3
6.78,115.0,-10.41,-1.54,-1.75,474.0,6.57,10.25,4
19.96,213.8,-6.51,-1.77,-0.2,343.6,0.1,10.69,2
7.88,102.6,-8.28,-0.08,-0.86,248.0,5.99,7.32,1
9.94,245.1,-6.72,-1.71,-1.38,145.1,4.83,12.02,1
8.19,192.3,-5.51,-0.63,1.14,353.4,6.18,3.15,3
19.61,182.9,-10.12,1.17,0.86,477.3,0.1,7.53,4
4.32,144.4,-5.48,-1.85,-1.42,202.2,6.86,12.52,2
7.23,239.4,-8.53,-0.87,0.53,227.1,5.78,9.86,2
13.93,139.9,-9.17,0.05,1.17,240.5,3.94,11.3,1
2.2,224.2,-5.34,-0.27,1.09,405.4,8.67,3.11,4
12.54,247.8,-5.06,1.87,-1.63,216.0,4.11,8.02,2
10.08,217.5,-9.81,0.4,0.74,163.7,5.9,4.54,1
6.4,177.8,-7.06,0.7,0.86,410.0,6.75,9.22,3
5.53,109.9,-10.36,1.83,1.45,241.1,6.28,7.32,2
10.78,170.9,-7.09,-0.93,0.03,146.6,4.85,8.76,1
7.99,165.7,-6.04,-1.22,-0.16,446.5,6.07,8.65,4
9.67,130.4,-6.89,-2.78,1.86,531.0,4.57,10.31,4
7.41,163.5,-8.5,-2.08,1.19,234.7,5.65,11.18,2
19.44,153.7,-8.7,-1.81,0.23,184.8,0.36,0.87,1
3.54,124.6,-8.64,-2.08,-0.68,450.0,7.96,13.28,3
2.84,166.2,-7.46,0.77,1.38,309.5,8.73,5.69,2
7.52,139.4,-5.71,-0.32,-0.18,251.1,6.12,2.38,2
12.23,178.3,-5.43,0.34,-1.63,315.1,4.65,12.91,2
13.52,105.3,-10.68,1.1,-0.18,343.1,3.24,10.98,2
8.55,235.9,-9.91,-1.85,1.49,156.7,6.04,5.88,1
19.99,222.5,-10.33,-1.37,-0.21,406.5,0.1,8.4,3
7.69,182.9,-9.84,0.54,-1.94,312.3,6.16,3.17,3
14.71,227.8,-8.92,-1.04,0.45,234.4,2.12,5.78,1
13.11,244.4,-7.96,-2.85,1.98,315.3,3.47,5.61,3
16.45,116.6,-7.22,-0.83,1.27,256.6,1.64,10.56,2
19.55,194.6,-6.61,1.54,0.47,381.8,0.1,6.04,3
17.91,249.7,-5.66,-0.95,1.66,440.3,1.47,10.57,4
15.53,248.2,-5.07,-1.34,1.25,297.7,1.22,11.06,2
14.27,190.5,-7.02,1.95,-0.01,483.6,2.62,5.4,4
7.37,119.2,-5.93,0.22,0.36,507.9,6.32,6.16,4
3.81,187.5,-6.33,-1.17,0.93,253.8,8.01,7.29,2
2.19,100.3,-9.15,-2.49,1.39,282.4,8.62,0.05,2
5.6,129.8,-5.75,0.94,-1.77,322.0,7.12,2.73,2
9.21,243.4,-10.74,0.54,1.1,521.8,5.09,11.86,4
10.92,149.6,-11.0,1.61,-0.21,207.4,4.19,10.65,1
15.69,195.8,-9.36,-1.91,0.64,381.7,1.86,1.08,3
19.22,142.1,-8.23,-2.43,1.06,301.3,0.1,8.89,2
3.23,242.2,-7.17,0.62,0.16,413.9,8.26,0.29,4
3.03,209.3,-10.39,-1.98,-1.37,271.2,8.07,7.48,2
12.2,149.4,-6.96,-2.12,-0.36,529.2,2.93,2.26,4
15.16,218.8,-6.19,-1.4,-1.69,191.5,1.86,11.95,1
17.11,116.2,-9.89,1.08,0.76,441.3,0.93,8.61,3
18.78,158.8,-8.51,-0.3,1.81,140.1,0.1,0.9,1
19.69,133.2,-7.88,-2.77,1.18,215.3,0.25,8.98,2
8.6,202.6,-8.29,-0.68,-0.44,494.4,5.47,12.49,4
8.23,115.4,-6.2,0.42,0.34,214.5,5.81,10.27,2
3.81,159.6,-5.24,-0.31,-0.78,417.5,7.66,1.61,3
14.01,141.5,-6.21,-0.14,0.16,139.3,2.86,9.31,1
13.48,176.0,-10.53,-1.88,-0.8,381.3,4.25,8.55,3
17.38,152.5,-6.17,1.24,0.95,321.9,1.74,8.84,2
2.85,206.0,-10.6,-0.19,-0.96,218.4,8.73,11.13,1
10.46,103.7,-9.58,0.57,1.86,474.9,5.26,4.26,4
12.04,195.1,-10.08,1.91,0.65,346.4,3.77,4.98,2
5.59,134.6,-9.81,-0.86,-1.72,475.1,7.46,2.83,4
4.21,140.3,-7.83,1.41,-1.96,342.5,7.92,6.4,3
17.33,220.0,-6.97,-2.96,1.99,246.1,0.51,5.74,2
2.11,243.3,-8.18,-2.83,-1.12,511.8,9.05,1.18,4
9.94,147.5,-5.24,-0.05,-0.75,166.1,5.28,3.4,1
3.2,224.0,-9.56,-1.44,-1.17,463.4,8.76,1.68,4
9.68,115.6,-6.42,-1.76,1.71,404.1,6.13,7.76,4
19.62,195.1,-5.78,-1.61,0.61,446.5,0.1,2.62,4
9.05,212.7,-7.63,-1.41,0.02,329.2,5.22,4.56,2
17.29,123.4,-8.26,0.64,0.23,420.7,1.71,11.44,3
3.23,163.9,-7.42,-0.15,-0.73,512.2,9.13,8.01,4
6.15,233.9,-8.43,0.95,0.46,204.4,6.28,7.27,2
8.67,115.5,-7.67,1.15,-0.32,205.0,5.15,13.22,2
8.6,102.7,-8.5,1.21,-1.2,347.4,5.75,6.12,3
13.76,188.6,-8.6,-0.93,0.63,371.7,4.29,12.37,3
7.55,165.3,-6.83,-0.89,-0.5,536.6,5.93,8.09,4
14.56,219.8,-10.44,1.63,1.14,458.3,2.32,5.67,4
13.14,238.5,-10.0,0.31,-0.34,244.0,3.26,4.85,2
8.58,144.9,-5.89,-2.6,0.03,386.1,5.96,12.65,3
9.2,158.3,-6.37,-0.29,1.15,237.3,5.69,7.91,1
12.68,172.9,-9.31,-1.22,-0.21,311.1,3.47,3.52,2
2.33,188.2,-8.74,1.94,1.86,528.6,8.03,7.27,4
16.63,247.6,-5.44,-2.93,1.17,328.1,1.43,3.5,3
